Ingredient,Category
Applesauce,CannedFruit
Canned Apricots,CannedFruit
Canned Blackberries,CannedFruit
Canned Blueberries,CannedFruit
Canned Cherries,CannedFruit
Canned Cranberries,CannedFruit
Canned Crushed Pineapple,CannedFruit
Canned Figs,CannedFruit
Canned Fruit Cocktail,CannedFruit
Canned Fruit Salad,CannedFruit
Canned Gooseberries,CannedFruit
Canned Grapefruit,CannedFruit
Canned Grapes,CannedFruit
Canned Mandarin Oranges,CannedFruit
Canned Mango,CannedFruit
Canned Mangosteen,CannedFruit
Canned Mixed Fruit,CannedFruit
Canned Morello Cherries,CannedFruit
Canned Oranges,CannedFruit
Canned Peaches,CannedFruit
Canned Pears,CannedFruit
Canned Pineapple,CannedFruit
Canned Plums,CannedFruit
Canned Raspberries,CannedFruit
Canned Sliced Pineapple,CannedFruit
Canned Sour Cherries,CannedFruit
Canned Strawberries,CannedFruit
Canned Tangerines,CannedFruit
Dried Fruit,CannedFruit
Acai,Fruits
Apple,Fruits
Applesauce,Fruits
Apricot,Fruits
Avocado,Fruits
Banana,Fruits
Blackberries,Fruits
Blood Oranges,Fruits
Blueberries,Fruits
Cantaloupe,Fruits
Cherries,Fruits
Clementine,Fruits
Cranberries,Fruits
Currants,Fruits
Custard Apple,Fruits
Dates,Fruits
Figs,Fruits
Fruit salad,Fruits
Grapes,Fruits
Greengage,Fruits
Guava,Fruits
Jackfruit,Fruits
Jujube,Fruits
Kiwi,Fruits
Lemon,Fruits
Lime,Fruits
Lychees,Fruits
Mandarin Oranges,Fruits
Mango,Fruits
Minneola,Fruits
Mulberries,Fruits
Nectarine,Fruits
Olives,Fruits
Orange,Fruits
Papaya,Fruits
Passion Fruit,Fruits
Peach,Fruits
Pear,Fruits
Persimmon,Fruits
Physalis,Fruits
Pineapple,Fruits
Plantains,Fruits
Plum,Fruits
Pomegranate,Fruits
Quince,Fruits
Raisins,Fruits
Rambutan,Fruits
Raspberries,Fruits
Rhubarb,Fruits
Starfruit,Fruits
Strawberries,Fruits
Tamarind,Fruits
Tangerine,Fruits
Watermelon,Fruits
Acerola,Tropical&ExoticFruits
Asian Pear,Tropical&ExoticFruits
Avocado,Tropical&ExoticFruits
Banana,Tropical&ExoticFruits
Breadfruit,Tropical&ExoticFruits
Cantaloupe Melon,Tropical&ExoticFruits
Casaba Melon,Tropical&ExoticFruits
Cherimoya,Tropical&ExoticFruits
Dragon Fruit,Tropical&ExoticFruits
Durian,Tropical&ExoticFruits
Feijoa,Tropical&ExoticFruits
Galia Melon,Tropical&ExoticFruits
Grapefruit,Tropical&ExoticFruits
Guava,Tropical&ExoticFruits
Honeydew,Tropical&ExoticFruits
Jackfruit,Tropical&ExoticFruits
Kiwi,Tropical&ExoticFruits
Kumquat,Tropical&ExoticFruits
Lychee,Tropical&ExoticFruits
Mandarin Oranges,Tropical&ExoticFruits
Mango,Tropical&ExoticFruits
Mangosteen,Tropical&ExoticFruits
Maracuya,Tropical&ExoticFruits
Maraschino Cherries,Tropical&ExoticFruits
Muskmelon,Tropical&ExoticFruits
Noni,Tropical&ExoticFruits
Passion Fruit,Tropical&ExoticFruits
Pineapple,Tropical&ExoticFruits
Pink Grapefruit,Tropical&ExoticFruits
Plantain,Tropical&ExoticFruits
Pomegranate,Tropical&ExoticFruits
Pomelo,Tropical&ExoticFruits
Prickly Pear,Tropical&ExoticFruits
Rambutan,Tropical&ExoticFruits
Sapodilla,Tropical&ExoticFruits
Soursop Fruit,Tropical&ExoticFruits
Star Fruit,Tropical&ExoticFruits
Tamarind,Tropical&ExoticFruits
Watermelon,Tropical&ExoticFruits
All-blue Potatoes,PotatoProducts
Baked Potato,PotatoProducts
Boiled Potatoes,PotatoProducts
Cassava,PotatoProducts
Croquettes,PotatoProducts
Dumpling Dough,PotatoProducts
Dumplings,PotatoProducts
French Fingerling Potatoes,PotatoProducts
French Fries,PotatoProducts
Fried Potatoes,PotatoProducts
Gnocchi,PotatoProducts
Japanese Sweet Potatoes,PotatoProducts
Marrow Dumplings,PotatoProducts
Mashed Potatoes,PotatoProducts
Norland Red Potatoes,PotatoProducts
Omelette,PotatoProducts
Potato,PotatoProducts
Potato Dumpling,PotatoProducts
Potato Fritter,PotatoProducts
Potato Gratin,PotatoProducts
Potato Pancakes,PotatoProducts
Potato Salad,PotatoProducts
Potato Starch,PotatoProducts
Potato Sticks,PotatoProducts
Potato Waffles,PotatoProducts
Potato Wedges,PotatoProducts
Potatoes au Gratin,PotatoProducts
Purple Majesty Potatoes,PotatoProducts
Red Gold Potatoes,PotatoProducts
Red Potatoes,PotatoProducts
Roast Potatoes,PotatoProducts
Rosemary Potatoes,PotatoProducts
Rösti,PotatoProducts
Russet Potatoes,PotatoProducts
Russian Banana Potatoes,PotatoProducts
Sweet Potato,PotatoProducts
White Potatoes,PotatoProducts
Yams,PotatoProducts
Yukon Gold Potatoes,PotatoProducts
Artichoke,Vegetables
Arugula,Vegetables
Asparagus,Vegetables
Aubergine,Vegetables
Beetroot,Vegetables
Bell Pepper,Vegetables
Black Olives,Vegetables
Broccoli,Vegetables
Brussels Sprouts,Vegetables
Cabbage,Vegetables
Capsicum,Vegetables
Carrot,Vegetables
Cauliflower,Vegetables
Celery,Vegetables
Chard,Vegetables
Cherry Tomato,Vegetables
Chicory,Vegetables
Chinese Cabbage,Vegetables
Chives,Vegetables
Collard Greens,Vegetables
Corn,Vegetables
Courgette,Vegetables
Creamed Spinach,Vegetables
Cucumber,Vegetables
Eggplant,Vegetables
Endive,Vegetables
Fennel,Vegetables
Garlic,Vegetables
Gherkin,Vegetables
Gourd,Vegetables
Green Beans,Vegetables
Green Olives,Vegetables
Green Onion,Vegetables
Horseradish,Vegetables
Kale,Vegetables
Kohlrabi,Vegetables
Kumara,Vegetables
Leek,Vegetables
Lettuce,Vegetables
Mushrooms,Vegetables
Mustard Greens,Vegetables
Nori,Vegetables
Okra,Vegetables
Olives,Vegetables
Onion,Vegetables
Parsnips,Vegetables
Peas,Vegetables
Pepper,Vegetables
Potato,Vegetables
Pumpkin,Vegetables
Radishes,Vegetables
Red Cabbage,Vegetables
Rutabaga,Vegetables
Shallots,Vegetables
Spinach,Vegetables
Squash,Vegetables
Sweet Potato,Vegetables
Tomato,Vegetables
Turnip Greens,Vegetables
Turnips,Vegetables
Wasabi,Vegetables
Winter Squash,Vegetables
Zucchini,Vegetables
Arby’s Grand Turkey Club,FastFood
Arby’s Reuben,FastFood
Arby’s Roast Beef Classic,FastFood
Arby’s Roast Beef Max,FastFood
BBQ Rib,FastFood
Bean Burrito,FastFood
Big N’ Tasty,FastFood
Bratwurst,FastFood
Burger King Angry Whopper,FastFood
Burger King Double Whopper,FastFood
Burger King Double Whopper with Cheese,FastFood
Burger King Original Chicken Sandwich,FastFood
Burger King Premium Alaskan Fish Sandwich,FastFood
Burger King Triple Whopper,FastFood
Burger King Whopper,FastFood
Burger King Whopper Jr.,FastFood
Burger King Whopper with Cheese,FastFood
Cheeseburger,FastFood
Chicken Breast,FastFood
Chicken Fajita,FastFood
Chicken McNuggets,FastFood
Chicken Nuggets,FastFood
Chicken Pizziola,FastFood
Chicken Sandwich,FastFood
Chicken Teriyaki Sandwich,FastFood
Chicken Wings,FastFood
Chop Suey,FastFood
Curly Fries,FastFood
Double Cheeseburger,FastFood
Egg Roll,FastFood
Falafel,FastFood
Filet-o-Fish,FastFood
Fish and Chips,FastFood
Fish Sandwich,FastFood
French Fries,FastFood
Grilled Chicken Salad,FastFood
Ham Sandwich,FastFood
Hamburger,FastFood
Hot Dog,FastFood
Italian BMT,FastFood
Lasagna,FastFood
McDonald’s Big Mac,FastFood
McDonald’s Cheeseburger,FastFood
McDonald’s Chicken Nuggets,FastFood
McDonald’s Double Cheeseburger,FastFood
McDonald’s Filet-o-Fish,FastFood
McDonald’s McChicken,FastFood
McDonald’s McDouble,FastFood
McDonald’s McMuffi Egg,FastFood
McDonald’s McRib,FastFood
McDonald’s Mighty Wings,FastFood
McRib,FastFood
Meatball Sandwich,FastFood
Nachos with Cheese,FastFood
Onion Rings,FastFood
Smoked Salmon,FastFood
Spicy Italian,FastFood
Subway Club Sandwich,FastFood
Tortilla Wrap,FastFood
Tuna,FastFood
Turkey,FastFood
Veggie Burger,FastFood
Veggie Delight,FastFood
Veggie Patty,FastFood
Wendy’s Baconator,FastFood
Wendy’s Jr. Bacon Cheeseburger,FastFood
Wendy’s Jr. Cheeseburger,FastFood
Wendy’s Son of Baconator,FastFood
Whopper,FastFood
Zinger,FastFood
Zinger Burger,FastFood
Poutine,FastFood
BBQ Chicken Pizza,Pizza
BBQ Pizza,Pizza
Beef Pizza,Pizza
Bianca Pizza,Pizza
Buffalo Chicken Pizza,Pizza
Calabrese Pizza,Pizza
Calzone,Pizza
Capricciosa Pizza,Pizza
Cheese Pizza,Pizza
Chicken Pizza,Pizza
Deep Dish Pizza,Pizza
Dominos Philly Cheese Steak Pizza,Pizza
Four Cheese Pizza,Pizza
Goat Cheese Pizza,Pizza
Grilled Pizza,Pizza
Hawaiian Pizza,Pizza
Margherita Pizza,Pizza
Mozzarella Pizza,Pizza
Mushroom Pizza,Pizza
Napoli Pizza,Pizza
New York Style Pizza,Pizza
Pepperoni Pizza,Pizza
Pizza Dough,Pizza
Pizza Hut Stuffed Crust Pizza,Pizza
Pizza Hut Supreme Pizza,Pizza
Pizza Rolls,Pizza
Quattro Formaggi Pizza,Pizza
Red Pepper Pizza,Pizza
Salami Pizza,Pizza
Sausage Pizza,Pizza
Seafood Pizza,Pizza
Shrimp Pizza,Pizza
Sicilian Pizza,Pizza
Spinach Feta Pizza,Pizza
Spinach Pizza,Pizza
Stuffed Crust Pizza,Pizza
Tarte Flambée,Pizza
Thin Crust Pizza,Pizza
Tuna Pizza,Pizza
Vegetable Pizza,Pizza
Vegetarian Pizza,Pizza
Veggie Pizza,Pizza
White Pizza,Pizza
American Cheese,Cheese
Applewood,Cheese
Asiago Cheese,Cheese
Babybel,Cheese
Blue Cheese,Cheese
Brie,Cheese
Camembert,Cheese
Cheddar,Cheese
Cheese Fondue,Cheese
Cheese Spread,Cheese
Cheese Whiz,Cheese
Chester,Cheese
Colby Cheese,Cheese
Colby-Jack Cheese,Cheese
Cottage Cheese,Cheese
Dutch Cheese,Cheese
Edam Cheese,Cheese
Emmentaler,Cheese
Feta,Cheese
Fontina,Cheese
Fresh Mozzarella,Cheese
Gjetost,Cheese
Goat Cheese,Cheese
Gorgonzola,Cheese
Gouda,Cheese
Grated Parmesan,Cheese
Grilled Cheese,Cheese
Gruyere,Cheese
Halloumi,Cheese
Havarti,Cheese
Italian Cheese,Cheese
Jarlsberg,Cheese
Maasdam Cheese,Cheese
Manchego Cheese,Cheese
Monterey,Cheese
Monterey Jack Cheese,Cheese
Mozzarella,Cheese
Muenster Cheese,Cheese
Neufchatel,Cheese
Parmesan,Cheese
Pecorino,Cheese
Provolone,Cheese
Raclette Cheese,Cheese
Ricotta,Cheese
Romano,Cheese
Roquefort,Cheese
Sheep Cheese,Cheese
Soft Cheese,Cheese
Stilton Cheese,Cheese
String Cheese,Cheese
Swiss Cheese,Cheese
White Cheddar,Cheese
Wisconsin Cheese,Cheese
Chive Cream Cheese,CreamCheese
Cottage Cheese,CreamCheese
Cream Cheese,CreamCheese
Cream Cheese with Herbs,CreamCheese
Feta Cream Cheese,CreamCheese
Garlic Cream Cheese,CreamCheese
Goat Cheese,CreamCheese
Horseradish,CreamCheese
Mascarpone,CreamCheese
Obatzda,CreamCheese
Olive Cream Cheese,CreamCheese
Pesto Cream Cheese,CreamCheese
Philadelphia Cream Cheese,CreamCheese
Pineapple Cream Cheese,CreamCheese
Salmon Cream Cheese,CreamCheese
Vegetable Cream Cheese,CreamCheese
Walnut Cream Cheese,CreamCheese
Almond Milk,Milk&DairyProducts
Buttermilk,Milk&DairyProducts
Chocolate Mousse,Milk&DairyProducts
Coconut Milk,Milk&DairyProducts
Coffee Creamer,Milk&DairyProducts
Condensed Milk,Milk&DairyProducts
Cottage Cheese,Milk&DairyProducts
Cream,Milk&DairyProducts
Creme Fraiche,Milk&DairyProducts
Curd,Milk&DairyProducts
Custard,Milk&DairyProducts
Evaporated Milk,Milk&DairyProducts
Goat Milk,Milk&DairyProducts
Hot Chocolate,Milk&DairyProducts
Kefir,Milk&DairyProducts
Lactose-free Milk,Milk&DairyProducts
Lassi,Milk&DairyProducts
Milk,Milk&DairyProducts
Plain Yogurt,Milk&DairyProducts
Powdered Milk,Milk&DairyProducts
Quark,Milk&DairyProducts
Rice Milk,Milk&DairyProducts
Rice Pudding,Milk&DairyProducts
Semi-skimmed Milk,Milk&DairyProducts
Semolina Pudding,Milk&DairyProducts
Skim Milk,Milk&DairyProducts
Sour Cream,Milk&DairyProducts
Soy Milk,Milk&DairyProducts
Sweetened Condensed Milk,Milk&DairyProducts
Tzatziki,Milk&DairyProducts
Whipped Cream,Milk&DairyProducts
Whole Milk,Milk&DairyProducts
Yogurt,Milk&DairyProducts
American Cheese,SlicedCheese
Applewood,SlicedCheese
Bergkäse,SlicedCheese
Butter Cheese,SlicedCheese
Cheddar,SlicedCheese
Cheese Platter,SlicedCheese
Cheese Slices,SlicedCheese
Colby Cheese,SlicedCheese
Colby-Jack Cheese,SlicedCheese
Cold Pack Cheese,SlicedCheese
Edam,SlicedCheese
Edam Cheese,SlicedCheese
Emmental,SlicedCheese
Emmentaler,SlicedCheese
Esrom (Cheese),SlicedCheese
Fol Epi,SlicedCheese
Fresh Mozzarella,SlicedCheese
Gouda,SlicedCheese
Gouda Cheese,SlicedCheese
Havarti,SlicedCheese
Lacy Swiss Cheese,SlicedCheese
Leerdammer,SlicedCheese
Leerdammer Cheese,SlicedCheese
Maasdam Cheese,SlicedCheese
Monterey Jack Cheese,SlicedCheese
Mozzarella,SlicedCheese
Muenster Cheese,SlicedCheese
Pepper Cheese,SlicedCheese
Sandwich Cheese,SlicedCheese
Smoked Cheese,SlicedCheese
Tilsit,SlicedCheese
White American,SlicedCheese
White Cheddar,SlicedCheese
Young Gouda,SlicedCheese
Activia,Yogurt
Activia Lemon,Yogurt
Activia Strawberry,Yogurt
Aloe Vera Yogurt,Yogurt
Ayran,Yogurt
Bircher Muesli Yogurt,Yogurt
Blueberry Yogurt,Yogurt
Cherry Yogurt,Yogurt
Chocolate Yogurt,Yogurt
Cream Yogurt,Yogurt
Creamy Yogurt,Yogurt
Diet Yogurt,Yogurt
Fruit Yogurt,Yogurt
Greek Yogurt,Yogurt
Low-Fat Yogurt,Yogurt
Mocca Yogurt,Yogurt
Organic Yogurt,Yogurt
Peach Yogurt,Yogurt
Plain Yogurt,Yogurt
Probiotic Yogurt,Yogurt
Skim Milk Yogurt,Yogurt
Stracciatella Yogurt,Yogurt
Strawberry Yogurt,Yogurt
Vanilla Yogurt,Yogurt
Yogurt,Yogurt
Yogurt Corner,Yogurt
Yoplait Boston Cream Pie,Yogurt
Yoplait French Vanilla,Yogurt
Yoplait Greek Blueberry,Yogurt
Yoplait Greek Coconut,Yogurt
Yoplait Greek Strawberry,Yogurt
Yoplait Greek Vanilla,Yogurt
Yoplait Harvest Peach,Yogurt
Yoplait Key Lime Pie,Yogurt
Yoplait Mango,Yogurt
Yoplait Mixed Berry,Yogurt
Yoplait Pina Colada,Yogurt
Yoplait Strawberry,Yogurt
Yoplait Strawberry Banana,Yogurt
Yoplait Strawberry Cheesecake,Yogurt
Beef,Beef&Veal
Beef Brisket,Beef&Veal
Beef Fillet,Beef&Veal
Beef Goulash,Beef&Veal
Beef Minute Steak,Beef&Veal
Beef Neck,Beef&Veal
Beef Pancreas,Beef&Veal
Beef Patty,Beef&Veal
Beef Prime Rib,Beef&Veal
Beef Ribs,Beef&Veal
Beef Sirloin,Beef&Veal
Beef Suet,Beef&Veal
Beef Tallow,Beef&Veal
Beef Thymus,Beef&Veal
Beef Tripe,Beef&Veal
Chuck Roast,Beef&Veal
Chuck Steak,Beef&Veal
Filet Mignon,Beef&Veal
Flank Steak,Beef&Veal
Ground Beef,Beef&Veal
Ground Chuck,Beef&Veal
Ground Round,Beef&Veal
Minced Veal,Beef&Veal
Porterhouse Steak,Beef&Veal
Rib Eye Steak,Beef&Veal
Roast Beef,Beef&Veal
Rump Steak,Beef&Veal
Skirt Steak,Beef&Veal
Stew Beef,Beef&Veal
Strip Steak,Beef&Veal
T-Bone-Steak,Beef&Veal
Veal,Beef&Veal
Veal Breast,Beef&Veal
Veal Leg,Beef&Veal
Veal Roast Beef,Beef&Veal
Veal Shank,Beef&Veal
Veal Shoulder,Beef&Veal
Veal Sirloin,Beef&Veal
Veal Tenderloin,Beef&Veal
Baked Ham,ColdCuts&LunchMeat
Beef Salami,ColdCuts&LunchMeat
Boiled Ham,ColdCuts&LunchMeat
Bologna,ColdCuts&LunchMeat
Bresaola,ColdCuts&LunchMeat
Capicola,ColdCuts&LunchMeat
Chicken Breast Fillet,ColdCuts&LunchMeat
Chopped Ham,ColdCuts&LunchMeat
Chorizo,ColdCuts&LunchMeat
Corned Beef,ColdCuts&LunchMeat
Dutch Loaf,ColdCuts&LunchMeat
Ham,ColdCuts&LunchMeat
Ham Sausage,ColdCuts&LunchMeat
Head Cheese,ColdCuts&LunchMeat
Hickory Ham,ColdCuts&LunchMeat
Honey Ham,ColdCuts&LunchMeat
Liverwurst,ColdCuts&LunchMeat
Olive Loaf,ColdCuts&LunchMeat
Oven-Roasted Turkey Breast,ColdCuts&LunchMeat
Parma Ham,ColdCuts&LunchMeat
Pastrami,ColdCuts&LunchMeat
Pepperoni,ColdCuts&LunchMeat
Pimento Loaf,ColdCuts&LunchMeat
Pork Roast,ColdCuts&LunchMeat
Prosciutto,ColdCuts&LunchMeat
Roast Beef,ColdCuts&LunchMeat
Salami,ColdCuts&LunchMeat
Serrano Ham,ColdCuts&LunchMeat
Smoked Ham,ColdCuts&LunchMeat
Smoked Turkey Breast,ColdCuts&LunchMeat
Summer Sausage,ColdCuts&LunchMeat
Tongue,ColdCuts&LunchMeat
Turkey Breast,ColdCuts&LunchMeat
Turkey Ham,ColdCuts&LunchMeat
Turkey Salami,ColdCuts&LunchMeat
Alligator,Meat
Beef,Meat
Beef Brisket,Meat
Beef Jerky,Meat
Beef Ribs,Meat
Beef Tenderloin,Meat
Chicken,Meat
Chicken Breast,Meat
Chicken Drumstick,Meat
Chicken Fat,Meat
Chicken Giblets,Meat
Chicken Gizzards,Meat
Chicken Leg,Meat
Chicken Liver,Meat
Chicken Meat,Meat
Chicken Thigh,Meat
Chicken Wing,Meat
Chuck Steak,Meat
Cubed Steak,Meat
Duck,Meat
Filet Mignon,Meat
Flank Steak,Meat
Flat Iron Steak,Meat
Ground Beef,Meat
Ground Round,Meat
Ham,Meat
New York Strip Steak,Meat
Ostrich,Meat
Pork,Meat
Pork Baby Back Ribs,Meat
Pork Chops,Meat
Pork Country-Style Ribs,Meat
Pork Loin,Meat
Pork Roast,Meat
Pork Steaks,Meat
Roast Beef,Meat
Round Steak,Meat
Schnitzel,Meat
Spare Ribs,Meat
Standing Rib Roast,Meat
T-Bone Steak,Meat
Turkey,Meat
Turkey Breast,Meat
Turkey Legs,Meat
Turkey Steak,Meat
Turkey Wings,Meat
Beef Brain,Offal&Giblets
Beef Heart,Offal&Giblets
Beef Kidney,Offal&Giblets
Beef Liver,Offal&Giblets
Beef Lung,Offal&Giblets
Beef Melt,Offal&Giblets
Beef Tongue,Offal&Giblets
Calf Brain,Offal&Giblets
Calf Liver,Offal&Giblets
Calf Lung,Offal&Giblets
Calf Melt,Offal&Giblets
Chicken Giblets,Offal&Giblets
Chicken Heart,Offal&Giblets
Chicken Liver,Offal&Giblets
Chicken Stomach,Offal&Giblets
Chitterlings,Offal&Giblets
Duck Liver,Offal&Giblets
Goose Liver,Offal&Giblets
Hog Maws,Offal&Giblets
Pig Brain,Offal&Giblets
Pig Heart,Offal&Giblets
Pig Kidney,Offal&Giblets
Pig Lung,Offal&Giblets
Pork Liver,Offal&Giblets
Pork Melt,Offal&Giblets
Pork Tongue,Offal&Giblets
Turkey Giblets,Offal&Giblets
Turkey Heart,Offal&Giblets
Turkey Liver,Offal&Giblets
Turkey Stomach,Offal&Giblets
Veal Heart,Offal&Giblets
Veal Kidney,Offal&Giblets
Veal Tongue,Offal&Giblets
Bacon,Pork
Brawn,Pork
Canadian-Style Bacon,Pork
Chitterlings,Pork
Ground Pork,Pork
Hog Maws,Pork
Lard,Pork
Meatloaf,Pork
Parma Ham,Pork
Pig Ear,Pork
Pig Fat,Pork
Pig’s Tail,Pork
Pig’s Trotter,Pork
Pork Bacon,Pork
Pork Belly,Pork
Pork Blade Steak,Pork
Pork Chop,Pork
Pork Country-Style Ribs,Pork
Pork Crown Roast,Pork
Pork Cutlet,Pork
Pork Cutlets,Pork
Pork Leg,Pork
Pork Loin,Pork
Pork Meatloaf,Pork
Pork Ragout,Pork
Pork Rib Roast,Pork
Pork Ribs,Pork
Pork Roast,Pork
Pork Sausage,Pork
Pork Shank,Pork
Pork Shoulder,Pork
Pork Shoulder Blade,Pork
Pork Stomach,Pork
Rack of Pork,Pork
Salt Meat,Pork
Salt Pork,Pork
Serrano Ham,Pork
Spare Ribs,Pork
Spareribs,Pork
Capon,Poultry&Fowl
Chicken,Poultry&Fowl
Chicken Breast,Poultry&Fowl
Chicken Drumsticks,Poultry&Fowl
Chicken Gizzards,Poultry&Fowl
Chicken Legs,Poultry&Fowl
Chicken Thighs,Poultry&Fowl
Chicken Wings,Poultry&Fowl
Cornish Hens,Poultry&Fowl
Dove,Poultry&Fowl
Duck,Poultry&Fowl
Duck Breast,Poultry&Fowl
Emu,Poultry&Fowl
Goose,Poultry&Fowl
Guinea-Fowl,Poultry&Fowl
Ostrich,Poultry&Fowl
Ostrich Meat,Poultry&Fowl
Pheasant,Poultry&Fowl
Pheasant Breast,Poultry&Fowl
Pheasant Leg,Poultry&Fowl
Pigeon,Poultry&Fowl
Poularde,Poultry&Fowl
Quail,Poultry&Fowl
Quail Breast,Poultry&Fowl
Rhea,Poultry&Fowl
Turkey,Poultry&Fowl
Turkey Breast,Poultry&Fowl
Turkey Cutlet,Poultry&Fowl
Turkey Drumsticks,Poultry&Fowl
Turkey Legs,Poultry&Fowl
Turkey Steak,Poultry&Fowl
Turkey Wings,Poultry&Fowl
Wild Duck,Poultry&Fowl
Andouille,Sausage
Bacon,Sausage
Black Pudding,Sausage
Blood Sausage,Sausage
Bockwurst,Sausage
Boiled Ham,Sausage
Bologna,Sausage
Boudin,Sausage
Bratwurst,Sausage
Brawn,Sausage
Breakfast Sausage Links,Sausage
Cheese Pastry,Sausage
Chicken Breast,Sausage
Chicken Meat,Sausage
Chicken Salad,Sausage
Chorizo,Sausage
Cooked Ham,Sausage
Corned Beef,Sausage
Cumberland Sausage,Sausage
Frankfurters,Sausage
Garlic Sausage,Sausage
Hot Dogs,Sausage
Hot Sausage,Sausage
Italian Sausage,Sausage
Jerky,Sausage
Kielbasa,Sausage
Knackwurst,Sausage
Landjaeger,Sausage
Linguica,Sausage
Liver Pate,Sausage
Liverwurst,Sausage
Luncheon Meat,Sausage
Mettwurst,Sausage
Mortadella,Sausage
Pastrami,Sausage
Pepperoni,Sausage
Polish Sausage,Sausage
Pork,Sausage
Pork Roll,Sausage
Prosciutto,Sausage
Ring Bologna,Sausage
Salami,Sausage
Sausage,Sausage
Smoked Sausage,Sausage
Souse,Sausage
Spam,Sausage
Weisswurst,Sausage
Alligator,Venison&Game
Alligator Meat,Venison&Game
Antelope Meat,Venison&Game
Bear Meat,Venison&Game
Beaver Meat,Venison&Game
Bison,Venison&Game
Bison Meat,Venison&Game
Bison Sirloin,Venison&Game
Buffalo,Venison&Game
Buffalo Meat,Venison&Game
Caribou,Venison&Game
Goose,Venison&Game
Goose Meat,Venison&Game
Lamb,Venison&Game
Lamb Meat,Venison&Game
Mallard Duck Meat,Venison&Game
Mallard Meat,Venison&Game
Moose,Venison&Game
Moose Meat,Venison&Game
Mutton,Venison&Game
Mutton Meat,Venison&Game
Ostrich,Venison&Game
Ostrich Meat,Venison&Game
Pheasant,Venison&Game
Pheasant Meat,Venison&Game
Rabbit,Venison&Game
Racoon,Venison&Game
Racoon Meat,Venison&Game
Reindeer,Venison&Game
Reindeer Meat,Venison&Game
Squirrel,Venison&Game
Squirrel Meat,Venison&Game
Venison,Venison&Game
Venison Sirloin,Venison&Game
Wild Boar,Venison&Game
Wild Boar Meat,Venison&Game
Angel Food Cake,Cakes&Pies
Apple Cake,Cakes&Pies
Apple Cobbler,Cakes&Pies
Apple Crisp,Cakes&Pies
Apple Crumble,Cakes&Pies
Apple Pie,Cakes&Pies
Apple Strudel,Cakes&Pies
Apple Turnover,Cakes&Pies
Applesauce Cake,Cakes&Pies
Baked Alaska,Cakes&Pies
Bakewell Tart,Cakes&Pies
Banoffee Pie,Cakes&Pies
Birthday Cake,Cakes&Pies
Black and White Cookie,Cakes&Pies
Black Forest Cake,Cakes&Pies
Blueberry Cobbler,Cakes&Pies
Blueberry Muffin,Cakes&Pies
Blueberry Pie,Cakes&Pies
Bundt Cake,Cakes&Pies
Buttermilk Pie,Cakes&Pies
Caramel Cake,Cakes&Pies
Carrot Cake,Cakes&Pies
Cheesecake,Cakes&Pies
Cherry Pie,Cakes&Pies
Chess Pie,Cakes&Pies
Chocolate Cake,Cakes&Pies
Chocolate Cream Pie,Cakes&Pies
Chocolate Mousse Cake,Cakes&Pies
Chocolate Mousse Pie,Cakes&Pies
Chocolate Muffin,Cakes&Pies
Coconut Cake,Cakes&Pies
Coffee Cake,Cakes&Pies
Cream Puff,Cakes&Pies
Crumb Cake,Cakes&Pies
Cupcake,Cakes&Pies
Danish Pastry,Cakes&Pies
Donut,Cakes&Pies
Doughnut,Cakes&Pies
Flan,Cakes&Pies
Flourless Chocolate Cake,Cakes&Pies
French Cruller,Cakes&Pies
Fruit Cake,Cakes&Pies
Funnel Cake,Cakes&Pies
German Chocolate Cake,Cakes&Pies
Gingerbread,Cakes&Pies
Ice Cream Cake,Cakes&Pies
Key Lime Pie,Cakes&Pies
King Cake,Cakes&Pies
Layer Cake,Cakes&Pies
Lemon Cake,Cakes&Pies
Lemon Meringue Pie,Cakes&Pies
Madeira Cake,Cakes&Pies
Marble Cake,Cakes&Pies
Meringue,Cakes&Pies
Opera Cake,Cakes&Pies
Paczki,Cakes&Pies
Pancake,Cakes&Pies
Panettone,Cakes&Pies
Pavlova,Cakes&Pies
Peach Cobbler,Cakes&Pies
Peach Pie,Cakes&Pies
Pecan Pie,Cakes&Pies
Pineapple Upside-Down Cake,Cakes&Pies
Plum Cake,Cakes&Pies
Poppy-Seed Cake,Cakes&Pies
Pound Cake,Cakes&Pies
Profiterole,Cakes&Pies
Puff Pastry,Cakes&Pies
Pumpkin Bread,Cakes&Pies
Pumpkin Cheesecake,Cakes&Pies
Pumpkin Pie,Cakes&Pies
Raspberry Pie,Cakes&Pies
Red Velvet Cake,Cakes&Pies
Rhubarb Pie,Cakes&Pies
Rum Cake,Cakes&Pies
Sacher Torte,Cakes&Pies
Sponge Cake,Cakes&Pies
Strawberry Cheesecake,Cakes&Pies
Strawberry Pie,Cakes&Pies
Strawberry Rhubarb Pie,Cakes&Pies
Sweet Potato Pie,Cakes&Pies
Swiss Roll,Cakes&Pies
Tarte Tatin,Cakes&Pies
Tiramisu,Cakes&Pies
Tiramisu Cake,Cakes&Pies
Treacle Tart,Cakes&Pies
Tres Leches Cake,Cakes&Pies
Trifle,Cakes&Pies
Victoria Sponge Cake,Cakes&Pies
Waffles,Cakes&Pies
Wedding Cake,Cakes&Pies
3 Musketeers,Candy&Sweets
After Eight,Candy&Sweets
Airheads,Candy&Sweets
Almond Roca,Candy&Sweets
Angel Delight,Candy&Sweets
Animal Crackers,Candy&Sweets
Baby Ruth,Candy&Sweets
Butterfinger,Candy&Sweets
Buttermilk Pancakes,Candy&Sweets
Candy Apple,Candy&Sweets
Candy Cane,Candy&Sweets
Candy canes,Candy&Sweets
Candy Corn,Candy&Sweets
Candy Floss,Candy&Sweets
Caramel Popcorn,Candy&Sweets
Caramel squares,Candy&Sweets
Celebrations,Candy&Sweets
Cheez-It’s,Candy&Sweets
Chocolate,Candy&Sweets
Chocolate Bar,Candy&Sweets
Chocolate Chips,Candy&Sweets
Cookies,Candy&Sweets
Cotton Candy,Candy&Sweets
Eggy Bread,Candy&Sweets
Fairy Cakes,Candy&Sweets
Ferrero Rocher,Candy&Sweets
Flapjack,Candy&Sweets
Fortune Cookies,Candy&Sweets
Granola Bars,Candy&Sweets
Gumdrops,Candy&Sweets
Gummi Bears,Candy&Sweets
Hanuta,Candy&Sweets
Hershey Kisses,Candy&Sweets
Jelly Beans,Candy&Sweets
Jelly Belly,Candy&Sweets
Jolly Ranchers,Candy&Sweets
Jordan Almonds,Candy&Sweets
Kit Kat,Candy&Sweets
Laffy Taffy,Candy&Sweets
Licorice,Candy&Sweets
LifeSavers,Candy&Sweets
Lindt Chocolate,Candy&Sweets
Liquorice,Candy&Sweets
Lollipop,Candy&Sweets
M&M’s,Candy&Sweets
Maltesers,Candy&Sweets
Mars Bar,Candy&Sweets
Marshmallows,Candy&Sweets
Marzipan,Candy&Sweets
Mike and Ike,Candy&Sweets
Milk Duds,Candy&Sweets
Milky Way,Candy&Sweets
PayDay,Candy&Sweets
Peanut Bar,Candy&Sweets
Peanut Brittle,Candy&Sweets
Peanut Butter Bars,Candy&Sweets
Peanut Butter Cookies,Candy&Sweets
Peppermint bark,Candy&Sweets
Pez,Candy&Sweets
Pop Rocks,Candy&Sweets
Popcorn,Candy&Sweets
Pumpkin Seeds,Candy&Sweets
Reeses Peanut Butter Cups,Candy&Sweets
Rice Pudding,Candy&Sweets
Roasted Almonds,Candy&Sweets
Rolo,Candy&Sweets
S’mores,Candy&Sweets
Semolina,Candy&Sweets
Skittles,Candy&Sweets
Smarties,Candy&Sweets
Smores,Candy&Sweets
Snickers,Candy&Sweets
Sour Patch Kids,Candy&Sweets
Speculoos,Candy&Sweets
Spritz Cookies,Candy&Sweets
Take 5,Candy&Sweets
Toblerone,Candy&Sweets
Trifle,Candy&Sweets
Twix,Candy&Sweets
Waffles,Candy&Sweets
Whoopie Pie,Candy&Sweets
Baskin-Robbins,IceCream
Ben and Jerry’s,IceCream
Butter Pecan Ice Cream,IceCream
Carvel,IceCream
Chocolate Chip Ice Cream,IceCream
Chocolate Ice Cream,IceCream
Ciao Bella,IceCream
Coffee Ice Cream,IceCream
Cold Stone Creamery,IceCream
Cookie Dough Ice Cream,IceCream
Crunchie McFlurry,IceCream
Dairy Milk McFlurry,IceCream
Dippin Dots,IceCream
Double Rainbow,IceCream
Drumsticks,IceCream
French Vanilla Ice Cream,IceCream
Friendly’s,IceCream
Healthy Choice,IceCream
Hot Fudge Sundae,IceCream
Ice Cream Sandwich,IceCream
Ice Cream Sundae,IceCream
Ice Milk,IceCream
Magnolia,IceCream
Magnum,IceCream
Magnum Almond,IceCream
Magnum Double Caramel,IceCream
Magnum Double Chocolate,IceCream
Magnum Gold,IceCream
Magnum White,IceCream
McFlurry,IceCream
McFlurry Oreo,IceCream
Mini Milk,IceCream
Mint Chocolate Chip Ice Cream,IceCream
Rocky Road Ice Cream,IceCream
Schwan’s,IceCream
Smarties McFlurry,IceCream
Snickers Ice Cream,IceCream
Soft Serve,IceCream
Solero,IceCream
Strawberry Ice Cream,IceCream
Strawberry Sundae,IceCream
Sundae,IceCream
Turkey Hill,IceCream
Vanilla Cone,IceCream
Vanilla Ice Cream,IceCream
Acai Juice,(Fruit)Juices
Aloe Vera,(Fruit)Juices
Apple Juice,(Fruit)Juices
Apricot Nectar,(Fruit)Juices
Banana Juice,(Fruit)Juices
Blackberry Juice,(Fruit)Juices
Boysenberry Juice,(Fruit)Juices
Capri-Sun,(Fruit)Juices
Carrot Juice,(Fruit)Juices
Chamomile Tea,(Fruit)Juices
Cherry Juice,(Fruit)Juices
Clamato,(Fruit)Juices
Coconut Milk,(Fruit)Juices
Coconut Water,(Fruit)Juices
Concord Grape,(Fruit)Juices
Cranberry Apple Juice,(Fruit)Juices
Cranberry Grape Juice,(Fruit)Juices
Cranberry Juice,(Fruit)Juices
Cucumber Juice,(Fruit)Juices
Currant Juice,(Fruit)Juices
Energy-Drink,(Fruit)Juices
Fruitopia,(Fruit)Juices
Grape Juice,(Fruit)Juices
Grapefruit Juice,(Fruit)Juices
Lemon Juice,(Fruit)Juices
Lemonade,(Fruit)Juices
Lime Juice,(Fruit)Juices
Limeade,(Fruit)Juices
Mango Lassi,(Fruit)Juices
Nestea,(Fruit)Juices
Orange Juice,(Fruit)Juices
Papaya Juice,(Fruit)Juices
Passion Fruit Juice,(Fruit)Juices
Peach Juice,(Fruit)Juices
Peach Nectar,(Fruit)Juices
Pear Juice,(Fruit)Juices
Pear Nectar,(Fruit)Juices
Pineapple Juice,(Fruit)Juices
Pineapple Orange Juice,(Fruit)Juices
Plum Juice,(Fruit)Juices
Pomegranate Juice,(Fruit)Juices
Sauerkraut Juice,(Fruit)Juices
Tangerine Juice,(Fruit)Juices
Tomato Juice,(Fruit)Juices
Vegetable Juice,(Fruit)Juices
White Grape Juice,(Fruit)Juices
Absinthe,AlcoholicDrinks&Beverages
Advocaat,AlcoholicDrinks&Beverages
Amaretto,AlcoholicDrinks&Beverages
Applejack,AlcoholicDrinks&Beverages
Asti,AlcoholicDrinks&Beverages
Bailey’s Irish Cream,AlcoholicDrinks&Beverages
Baileys,AlcoholicDrinks&Beverages
Beer,AlcoholicDrinks&Beverages
Blue Curacao,AlcoholicDrinks&Beverages
Bourbon,AlcoholicDrinks&Beverages
Brandy,AlcoholicDrinks&Beverages
Canadian Whiskey,AlcoholicDrinks&Beverages
Chambord,AlcoholicDrinks&Beverages
Champagne,AlcoholicDrinks&Beverages
Cider,AlcoholicDrinks&Beverages
Cognac,AlcoholicDrinks&Beverages
Cointreau,AlcoholicDrinks&Beverages
Drambuie,AlcoholicDrinks&Beverages
Frangelico,AlcoholicDrinks&Beverages
Gin,AlcoholicDrinks&Beverages
Glenfiddich,AlcoholicDrinks&Beverages
Grand Marnier,AlcoholicDrinks&Beverages
Irish Whiskey,AlcoholicDrinks&Beverages
Jack Daniel’s,AlcoholicDrinks&Beverages
Jagermeister,AlcoholicDrinks&Beverages
Jim Beam,AlcoholicDrinks&Beverages
Kahlua,AlcoholicDrinks&Beverages
Liqueur,AlcoholicDrinks&Beverages
Liquor,AlcoholicDrinks&Beverages
Midori,AlcoholicDrinks&Beverages
Prosecco,AlcoholicDrinks&Beverages
Punch,AlcoholicDrinks&Beverages
Red Wine,AlcoholicDrinks&Beverages
Rose Wine,AlcoholicDrinks&Beverages
Rum,AlcoholicDrinks&Beverages
Sambuca,AlcoholicDrinks&Beverages
Sangria,AlcoholicDrinks&Beverages
Scotch,AlcoholicDrinks&Beverages
Sherry,AlcoholicDrinks&Beverages
Sloe Gin,AlcoholicDrinks&Beverages
Southern Comfort,AlcoholicDrinks&Beverages
Tequila,AlcoholicDrinks&Beverages
Triple Sec,AlcoholicDrinks&Beverages
Vermouth,AlcoholicDrinks&Beverages
Vodka,AlcoholicDrinks&Beverages
Whisky,AlcoholicDrinks&Beverages
White Wine,AlcoholicDrinks&Beverages
Wine,AlcoholicDrinks&Beverages
Ale,Beer
Altbier,Beer
Bass,Beer
Beck’s,Beer
Beer,Beer
Blue Moon,Beer
Bock Beer,Beer
Buckler (N.A.),Beer
Bud Ice,Beer
Bud Light,Beer
Bud Light Chelada,Beer
Bud Light Lime,Beer
Bud Select,Beer
Bud Select 55,Beer
Budweiser,Beer
Budweiser Chelada,Beer
Busch,Beer
Busch Light,Beer
Busch N.A.,Beer
Carlsberg,Beer
Clausthaler (N.A.),Beer
Colt 45,Beer
Coors,Beer
Coors Light,Beer
Coors N.A.,Beer
Corona,Beer
Dark Beer,Beer
Genesee Cream Ale,Beer
Ginger Beer,Beer
Guinness,Beer
Heineken,Beer
Honey Brown,Beer
Hurricane High Gravity,Beer
IPA,Beer
Keystone Ice,Beer
Keystone Light,Beer
Koelsch,Beer
Labatt,Beer
Lager Beer,Beer
Land Shark,Beer
Light Beer,Beer
Lowenbrau,Beer
Malt Beer,Beer
Michelob Amber Bock,Beer
Michelob Lager,Beer
Michelob Light,Beer
Michelob Ultra,Beer
Michelob Ultra Amber,Beer
Michelob Ultra Lime Cactus,Beer
Miller Chill,Beer
Miller Genuine Draft,Beer
Miller High Life,Beer
Miller High Life Light,Beer
Miller Lite,Beer
Milwaukee’s Best,Beer
Milwaukee’s Best Light,Beer
Molson,Beer
Natural Ice,Beer
Natural Light,Beer
Newcastle,Beer
Non-alcoholic Beer,Beer
O’Doul’s (N.A.),Beer
Old Milwaukee,Beer
Old Milwaukee N.A.,Beer
Olde English,Beer
Pabst Blue Ribbon,Beer
Pale Ale,Beer
Pilsner,Beer
Porter,Beer
Redbridge (Gluten-free),Beer
Rolling Rock,Beer
Rolling Rock Light,Beer
Root Beer,Beer
Samuel Adams,Beer
Shock Top,Beer
Shock Top Raspberry Wheat,Beer
Sierra Nevada Strong,Beer
Sparks,Beer
St. Pauli Girl,Beer
Steel Reserve,Beer
Stout,Beer
Stout Beer,Beer
Strong Beer,Beer
Tilt,Beer
Wheat Beer,Beer
ACE Drink,Non-AlcoholicDrinks&Beverages
Apple Spritzer,Non-AlcoholicDrinks&Beverages
Chai,Non-AlcoholicDrinks&Beverages
Chai Tea,Non-AlcoholicDrinks&Beverages
Chocolate Milk,Non-AlcoholicDrinks&Beverages
Chocolate Milkshake,Non-AlcoholicDrinks&Beverages
Club Mate,Non-AlcoholicDrinks&Beverages
Coca Cola,Non-AlcoholicDrinks&Beverages
Coffee,Non-AlcoholicDrinks&Beverages
Coke Zero,Non-AlcoholicDrinks&Beverages
Cola,Non-AlcoholicDrinks&Beverages
Crystal Light,Non-AlcoholicDrinks&Beverages
Diet Coke,Non-AlcoholicDrinks&Beverages
Egg Cream,Non-AlcoholicDrinks&Beverages
Egg Nog,Non-AlcoholicDrinks&Beverages
Elderflower Cordial,Non-AlcoholicDrinks&Beverages
Evian,Non-AlcoholicDrinks&Beverages
Gatorade,Non-AlcoholicDrinks&Beverages
Ginger Tea,Non-AlcoholicDrinks&Beverages
Hawaiian Punch,Non-AlcoholicDrinks&Beverages
Hi-C,Non-AlcoholicDrinks&Beverages
Horchata,Non-AlcoholicDrinks&Beverages
Hot Chocolate,Non-AlcoholicDrinks&Beverages
Ice Tea,Non-AlcoholicDrinks&Beverages
Iced Tea,Non-AlcoholicDrinks&Beverages
Karamalz,Non-AlcoholicDrinks&Beverages
Kombucha,Non-AlcoholicDrinks&Beverages
Kool-Aid,Non-AlcoholicDrinks&Beverages
Lassi,Non-AlcoholicDrinks&Beverages
Latte Macchiato,Non-AlcoholicDrinks&Beverages
Lemonade,Non-AlcoholicDrinks&Beverages
Malt Beer,Non-AlcoholicDrinks&Beverages
Milk,Non-AlcoholicDrinks&Beverages
Milkshake (dry),Non-AlcoholicDrinks&Beverages
Milo,Non-AlcoholicDrinks&Beverages
Nectar,Non-AlcoholicDrinks&Beverages
Nestea,Non-AlcoholicDrinks&Beverages
Non-alcoholic Beer,Non-AlcoholicDrinks&Beverages
Powerade,Non-AlcoholicDrinks&Beverages
Slurpee,Non-AlcoholicDrinks&Beverages
Slush Puppie,Non-AlcoholicDrinks&Beverages
Smoothie,Non-AlcoholicDrinks&Beverages
Soy Milk,Non-AlcoholicDrinks&Beverages
Strawberry Milkshake,Non-AlcoholicDrinks&Beverages
Tang,Non-AlcoholicDrinks&Beverages
Tap Water,Non-AlcoholicDrinks&Beverages
Tea,Non-AlcoholicDrinks&Beverages
Vanilla Milkshake,Non-AlcoholicDrinks&Beverages
Volvic,Non-AlcoholicDrinks&Beverages
Water,Non-AlcoholicDrinks&Beverages
Yerba Mate,Non-AlcoholicDrinks&Beverages
7up,Soda&SoftDrinks
Barq’s,Soda&SoftDrinks
Bitter Lemon,Soda&SoftDrinks
Canada Dry Ginger Ale,Soda&SoftDrinks
Cherry Coke,Soda&SoftDrinks
Coke,Soda&SoftDrinks
Coke Zero,Soda&SoftDrinks
Diet Cherry Coke,Soda&SoftDrinks
Diet Coke,Soda&SoftDrinks
Diet Dr. Pepper,Soda&SoftDrinks
Diet Pepsi,Soda&SoftDrinks
Diet Sunkist,Soda&SoftDrinks
Dr. Brown’s,Soda&SoftDrinks
Dr. Pepper,Soda&SoftDrinks
Fanta,Soda&SoftDrinks
Fanta Zero,Soda&SoftDrinks
Five Alive,Soda&SoftDrinks
Fresca,Soda&SoftDrinks
Full Throttle,Soda&SoftDrinks
Fuze,Soda&SoftDrinks
Fuze Tea,Soda&SoftDrinks
Gatorade,Soda&SoftDrinks
Ginger Ale,Soda&SoftDrinks
Ice Tea,Soda&SoftDrinks
Jolt Cola,Soda&SoftDrinks
Kool-Aid,Soda&SoftDrinks
Lemonade,Soda&SoftDrinks
Mello Yello,Soda&SoftDrinks
Minute Maid,Soda&SoftDrinks
Minute Maid Light,Soda&SoftDrinks
Mug Root Beer,Soda&SoftDrinks
Orange Soda,Soda&SoftDrinks
Pepsi,Soda&SoftDrinks
Pibb Xtra,Soda&SoftDrinks
Powerade,Soda&SoftDrinks
Schweppes Ginger Ale,Soda&SoftDrinks
Soda,Soda&SoftDrinks
Sprite,Soda&SoftDrinks
Sprite Zero,Soda&SoftDrinks
Squirt,Soda&SoftDrinks
Sunkist,Soda&SoftDrinks
Surge,Soda&SoftDrinks
TaB,Soda&SoftDrinks
Tonic Water,Soda&SoftDrinks
Vanilla Coke,Soda&SoftDrinks
Cabernet Sauvignon,Wine
Cava,Wine
Champagne,Wine
Chardonnay,Wine
Chenin Blanc,Wine
Chocolate Wine,Wine
Dry Red Wine,Wine
Gamay,Wine
Malbec,Wine
Malbec Wine,Wine
Marsala Wine,Wine
Merlot,Wine
Merlot Wine,Wine
Moscato Wine,Wine
Mulled Wine,Wine
Pinot Gris,Wine
Pinot Noir,Wine
Plum Wine,Wine
Port Wine,Wine
Prosecco,Wine
Red Wine,Wine
Red Wines,Wine
Riesling,Wine
Riesling Wine,Wine
Rose Wine,Wine
Sangria,Wine
Sauvignon Blanc,Wine
Sherry,Wine
Shiraz,Wine
Sparkling Wine,Wine
Sweet Red Wine,Wine
Sweet White Wine,Wine
Sweet Wines,Wine
Vermouth,Wine
White Wine,Wine
White Zinfandel,Wine
Wine,Wine
Yellow Tail Wine,Wine
Zinfandel,Wine
Amaranth,CerealProducts
Barley,CerealProducts
Barley Groats,CerealProducts
Brown Rice,CerealProducts
Buckwheat,CerealProducts
Buckwheat Groats,CerealProducts
Corn Waffles,CerealProducts
Cornmeal,CerealProducts
Cornstarch,CerealProducts
Couscous,CerealProducts
Cracker,CerealProducts
Durum Wheat Semolina,CerealProducts
Flaxseed,CerealProducts
Freekeh,CerealProducts
Gluten,CerealProducts
Grissini,CerealProducts
Kamut,CerealProducts
Millet,CerealProducts
Millet Flour,CerealProducts
Millet Gruel,CerealProducts
Oat Bran,CerealProducts
Pearl Barley,CerealProducts
Polenta,CerealProducts
Prawn Crackers,CerealProducts
Pretzel Sticks,CerealProducts
Quinoa,CerealProducts
Rusk,CerealProducts
Rye Bran,CerealProducts
Sago,CerealProducts
Savoury Biscuits,CerealProducts
Shortbread,CerealProducts
Spelt,CerealProducts
Spelt Bran,CerealProducts
Spelt Semolina,CerealProducts
Sunflower Seeds,CerealProducts
Tortilla,CerealProducts
Tortilla Chips,CerealProducts
Wheat Bran,CerealProducts
Wheat Germ,CerealProducts
Wheat Gluten,CerealProducts
Wheat Semolina,CerealProducts
Wheat Starch,CerealProducts
Whole Grain Wheat,CerealProducts
Wholegrain Oat,CerealProducts
Bran Flakes,"Oatmeal,Muesli&Cereals"
Cap’n Crunch,"Oatmeal,Muesli&Cereals"
Cheerios,"Oatmeal,Muesli&Cereals"
Chex,"Oatmeal,Muesli&Cereals"
Chocolate Cheerios,"Oatmeal,Muesli&Cereals"
Chocos,"Oatmeal,Muesli&Cereals"
Cinnamon Toast Crunch,"Oatmeal,Muesli&Cereals"
Coco Pops,"Oatmeal,Muesli&Cereals"
Cocoa Krispies,"Oatmeal,Muesli&Cereals"
Cocoa Pebbles,"Oatmeal,Muesli&Cereals"
Cocoa Puffs,"Oatmeal,Muesli&Cereals"
Cookie Crisp,"Oatmeal,Muesli&Cereals"
Corn Flakes,"Oatmeal,Muesli&Cereals"
Corn Pops,"Oatmeal,Muesli&Cereals"
Count Chocula,"Oatmeal,Muesli&Cereals"
Cracklin Oat Bran,"Oatmeal,Muesli&Cereals"
Cream of Wheat,"Oatmeal,Muesli&Cereals"
Crunchy Nut,"Oatmeal,Muesli&Cereals"
Crunchy Nut Cornflakes,"Oatmeal,Muesli&Cereals"
Fiber One,"Oatmeal,Muesli&Cereals"
Froot Loops,"Oatmeal,Muesli&Cereals"
Frosted Cheerios,"Oatmeal,Muesli&Cereals"
Frosted Flakes,"Oatmeal,Muesli&Cereals"
Frosted Mini-Wheats,"Oatmeal,Muesli&Cereals"
Frosties,"Oatmeal,Muesli&Cereals"
Fruity Pebbles,"Oatmeal,Muesli&Cereals"
Golden Grahams,"Oatmeal,Muesli&Cereals"
Grape-Nuts,"Oatmeal,Muesli&Cereals"
Honey Nut Cheerios,"Oatmeal,Muesli&Cereals"
Honey Smacks,"Oatmeal,Muesli&Cereals"
Honeycomb,"Oatmeal,Muesli&Cereals"
Just Right,"Oatmeal,Muesli&Cereals"
Kashi,"Oatmeal,Muesli&Cereals"
Kelloggs Corn Flakes,"Oatmeal,Muesli&Cereals"
Kix,"Oatmeal,Muesli&Cereals"
Krave,"Oatmeal,Muesli&Cereals"
Life Cereal,"Oatmeal,Muesli&Cereals"
Lucky Charms,"Oatmeal,Muesli&Cereals"
Malt-O-Meal,"Oatmeal,Muesli&Cereals"
Mini-Wheats,"Oatmeal,Muesli&Cereals"
Muesli,"Oatmeal,Muesli&Cereals"
Multigrain Cheerios,"Oatmeal,Muesli&Cereals"
Nutri-Grain,"Oatmeal,Muesli&Cereals"
Oatibix,"Oatmeal,Muesli&Cereals"
Oatmeal,"Oatmeal,Muesli&Cereals"
Peanut Butter Toast Crunch,"Oatmeal,Muesli&Cereals"
Post Raisin Bran,"Oatmeal,Muesli&Cereals"
Post Shredded Wheat,"Oatmeal,Muesli&Cereals"
Puff,"Oatmeal,Muesli&Cereals"
Puffed Rice,"Oatmeal,Muesli&Cereals"
Puffed Wheat,"Oatmeal,Muesli&Cereals"
Quaker Grits,"Oatmeal,Muesli&Cereals"
Quaker Oatmeal,"Oatmeal,Muesli&Cereals"
Quaker Oatmeal Squares,"Oatmeal,Muesli&Cereals"
Raisin Bran,"Oatmeal,Muesli&Cereals"
Raisin Bran Crunch,"Oatmeal,Muesli&Cereals"
Raisin Bran Crunch,"Oatmeal,Muesli&Cereals"
Raisin Nut Bran,"Oatmeal,Muesli&Cereals"
Ready Brek,"Oatmeal,Muesli&Cereals"
Rice Chex,"Oatmeal,Muesli&Cereals"
Rice Krispies,"Oatmeal,Muesli&Cereals"
Scooters,"Oatmeal,Muesli&Cereals"
Shredded Wheat,"Oatmeal,Muesli&Cereals"
Shreddies,"Oatmeal,Muesli&Cereals"
Smart Start,"Oatmeal,Muesli&Cereals"
Special K,"Oatmeal,Muesli&Cereals"
Special K Chocolatey Delight,"Oatmeal,Muesli&Cereals"
Special K Protein Plus,"Oatmeal,Muesli&Cereals"
Special K Red Berries,"Oatmeal,Muesli&Cereals"
Sugar Puffs,"Oatmeal,Muesli&Cereals"
Toasties,"Oatmeal,Muesli&Cereals"
Trix,"Oatmeal,Muesli&Cereals"
Weet-Bix,"Oatmeal,Muesli&Cereals"
Weetabix,"Oatmeal,Muesli&Cereals"
Weetos,"Oatmeal,Muesli&Cereals"
Wheaties,"Oatmeal,Muesli&Cereals"
Cannelloni,Pasta&Noodles
Capellini,Pasta&Noodles
Cappelletti,Pasta&Noodles
Cellophane Noodles,Pasta&Noodles
Cheese Tortellini,Pasta&Noodles
Dampfnudel,Pasta&Noodles
Dumpling Dough,Pasta&Noodles
Durum Wheat Semolina,Pasta&Noodles
Egg Noodles,Pasta&Noodles
Farfalle,Pasta&Noodles
Fettuccine,Pasta&Noodles
Fusilli,Pasta&Noodles
Glass Noodles,Pasta&Noodles
Lasagne Sheets,Pasta&Noodles
Linguine,Pasta&Noodles
Low Carb Pasta,Pasta&Noodles
Macaroni,Pasta&Noodles
Manicotti,Pasta&Noodles
Mostaccioli,Pasta&Noodles
Orecchiette,Pasta&Noodles
Orzo,Pasta&Noodles
Penne,Pasta&Noodles
Penne Rigate,Pasta&Noodles
Pierogi,Pasta&Noodles
Ravioli,Pasta&Noodles
Rigatoni,Pasta&Noodles
Rotini,Pasta&Noodles
Shells,Pasta&Noodles
Shirataki Noodles,Pasta&Noodles
Soy Noodles,Pasta&Noodles
Spaetzle,Pasta&Noodles
Spaghetti,Pasta&Noodles
Spinach Tortellini,Pasta&Noodles
Spirelli,Pasta&Noodles
Tagliatelle,Pasta&Noodles
Tortellini,Pasta&Noodles
Vermicelli,Pasta&Noodles
Whole Grain Noodles,Pasta&Noodles
Whole Grain Spaghetti,Pasta&Noodles
Ziti,Pasta&Noodles
Baby Back Ribs,Dishes&Meals
Bacon and Eggs,Dishes&Meals
Baked Beans,Dishes&Meals
Baked Chicken,Dishes&Meals
BBQ Ribs,Dishes&Meals
Beef Stew,Dishes&Meals
Biryani,Dishes&Meals
Black Pudding,Dishes&Meals
Black Rice,Dishes&Meals
BLT,Dishes&Meals
Brown Rice,Dishes&Meals
Burrito,Dishes&Meals
Butter Chicken,Dishes&Meals
California Roll,Dishes&Meals
Chicken Caesar Salad,Dishes&Meals
Chicken Fried Steak,Dishes&Meals
Chicken Marsala,Dishes&Meals
Chicken Parmesan,Dishes&Meals
Chicken Pot Pie,Dishes&Meals
Chicken Tikka Masala,Dishes&Meals
Chili con Carne,Dishes&Meals
Chimichanga,Dishes&Meals
Cobb Salad,Dishes&Meals
Collard Greens,Dishes&Meals
Corn Dog,Dishes&Meals
Corned Beef Hash,Dishes&Meals
Cottage Pie,Dishes&Meals
Dal,Dishes&Meals
Deviled Eggs,Dishes&Meals
Dim Sum,Dishes&Meals
Dosa,Dishes&Meals
Enchiladas,Dishes&Meals
Fajita,Dishes&Meals
Fish and Chips,Dishes&Meals
Fried Rice,Dishes&Meals
Fried Shrimp,Dishes&Meals
Grilled Cheese Sandwich,Dishes&Meals
Ham and Cheese Sandwich,Dishes&Meals
Hummus,Dishes&Meals
Jambalaya,Dishes&Meals
Kebab,Dishes&Meals
Lasagne,Dishes&Meals
Mac and Cheese,Dishes&Meals
Macaroni and Cheese,Dishes&Meals
Mashed Potatoes,Dishes&Meals
Meat Pie,Dishes&Meals
Meatloaf,Dishes&Meals
Naan,Dishes&Meals
Orange Chicken,Dishes&Meals
Pad Thai,Dishes&Meals
Paella,Dishes&Meals
Paratha,Dishes&Meals
Pea Soup,Dishes&Meals
Peanut Butter Sandwich,Dishes&Meals
Peking Duck,Dishes&Meals
Philly Cheese Steak,Dishes&Meals
Pizza,Dishes&Meals
Pork Chop,Dishes&Meals
Potato Salad,Dishes&Meals
Pulled Pork Sandwich,Dishes&Meals
Ramen,Dishes&Meals
Ravioli,Dishes&Meals
Reuben Sandwich,Dishes&Meals
Roast Beef,Dishes&Meals
Roast Dinner,Dishes&Meals
Samosa,Dishes&Meals
Sausage Roll,Dishes&Meals
Sausage Rolls,Dishes&Meals
Shepherds Pie,Dishes&Meals
Shrimp Cocktail,Dishes&Meals
Sloppy Joe,Dishes&Meals
Sloppy Joes,Dishes&Meals
Spaghetti Bolognese,Dishes&Meals
Spring Roll,Dishes&Meals
Spring Rolls,Dishes&Meals
Taco,Dishes&Meals
Tandoori Chicken,Dishes&Meals
Yorkshire Pudding,Dishes&Meals
Alphabet Soup,Soups
Bean Stew,Soups
Beef Bouillon,Soups
Beef Noodle Soup,Soups
Beef Soup,Soups
Bouillon,Soups
Broccoli Cheese Soup,Soups
Broccoli Soup,Soups
Cabbage Soup,Soups
Carrot Ginger Soup,Soups
Carrot Soup,Soups
Chicken Bouillon,Soups
Chicken Broth,Soups
Chicken Gumbo Soup,Soups
Chicken Noodle Soup,Soups
Chicken Stock,Soups
Chicken Vegetable Soup,Soups
Chicken with Rice Soup,Soups
Cream of Asparagus Soup,Soups
Cream of Broccoli Soup,Soups
Cream of Celery Soup,Soups
Cream of Chicken Soup,Soups
Cream of Mushroom Soup,Soups
Cream of Onion Soup,Soups
Cream of Potato Soup,Soups
Creamy Chicken Noodle Soup,Soups
French Onion Soup,Soups
Golden Mushroom Soup,Soups
Goulash,Soups
Instant Ramen,Soups
Lentil Soup,Soups
Lobster Bisque Soup,Soups
Meatball Soup,Soups
Minestrone,Soups
Mushroom Soup,Soups
Noodle Soup,Soups
Onion Soup,Soups
Oxtail Soup,Soups
Pea Soup,Soups
Potato Soup,Soups
Pumpkin Soup,Soups
Ramen,Soups
Scotch Broth,Soups
Succotash,Soups
Thai Soup,Soups
Tomato Rice Soup,Soups
Tomato Soup,Soups
Vegetable Beef Soup,Soups
Vegetable Broth,Soups
Vegetable Soup,Soups
Vegetable Stock,Soups
Wedding Soup,Soups
Azuki Bean,Legumes
Bamboo Shoots,Legumes
Bean Curd,Legumes
Bean Sprouts,Legumes
Bengal Gram,Legumes
Black Beans,Legumes
Black Chickpeas,Legumes
Black Gram,Legumes
Brown Lentil,Legumes
Butternut,Legumes
Chickpeas,Legumes
Chili Bean,Legumes
Dal,Legumes
Deep-Fried Tofu,Legumes
Extra-Firm Tofu,Legumes
Firm Tofu,Legumes
Flageolet,Legumes
Fried Bean Curd,Legumes
Green Beans,Legumes
Green Gram,Legumes
Green Lentil,Legumes
Kidney Beans,Legumes
Lentils,Legumes
Lima Beans,Legumes
Marron,Legumes
Miso,Legumes
Mung Beans,Legumes
Natto,Legumes
Navy Bean,Legumes
Okara,Legumes
Okra,Legumes
Peanuts,Legumes
Peas,Legumes
Pecan,Legumes
Pinto Beans,Legumes
Puy Lentils,Legumes
Rajma,Legumes
Red Beans,Legumes
Red Kidney Bean,Legumes
Red Lentils,Legumes
Refried Beans,Legumes
Roasted Soybeans,Legumes
Silken Tofu,Legumes
Soft Tofu,Legumes
Soy Cheese,Legumes
Soy Mayonnaise,Legumes
Soy Nut Butter,Legumes
Soy Nuts,Legumes
Soy Yogurt,Legumes
Soya Cheese,Legumes
Soybeans,Legumes
Soynut Butter,Legumes
Sugar Peas,Legumes
Sweet Peas,Legumes
Tempeh,Legumes
Textured Soy Protein,Legumes
Textured Vegetable Protein,Legumes
Tofu,Legumes
White Beans,Legumes
Yam Bean,Legumes
Yellow Lentils,Legumes
Yuba,Legumes
Acorn,Nuts&Seeds
Alfalfa Sprouts,Nuts&Seeds
Almonds,Nuts&Seeds
Beechnut,Nuts&Seeds
Brazil Nuts,Nuts&Seeds
Breadfruit,Nuts&Seeds
Butternut,Nuts&Seeds
Cashew,Nuts&Seeds
Chestnut,Nuts&Seeds
Chia Seeds,Nuts&Seeds
Coconut,Nuts&Seeds
Cotton Seeds,Nuts&Seeds
Flaxseed,Nuts&Seeds
Ginkgo Nuts,Nuts&Seeds
Goa Bean,Nuts&Seeds
Hazelnut,Nuts&Seeds
Hickory Nuts,Nuts&Seeds
Lima Beans,Nuts&Seeds
Lotus Seed,Nuts&Seeds
Macadamia Nuts,Nuts&Seeds
Peanuts,Nuts&Seeds
Peas,Nuts&Seeds
Pecan Nuts,Nuts&Seeds
Pecans,Nuts&Seeds
Pili Nuts,Nuts&Seeds
Pine Nuts,Nuts&Seeds
Pinto Beans,Nuts&Seeds
Pistachios,Nuts&Seeds
Poppy Seeds,Nuts&Seeds
Pumpkin Seeds,Nuts&Seeds
Radish Seeds,Nuts&Seeds
Safflower Seeds,Nuts&Seeds
Sesame Seeds,Nuts&Seeds
Smoked Almonds,Nuts&Seeds
Soy Beans,Nuts&Seeds
Sunflower Seeds,Nuts&Seeds
Sweet Chestnut,Nuts&Seeds
Walnuts,Nuts&Seeds
Watermelon,Nuts&Seeds
Almond Oil,Oils&Fats
Avocado Oil,Oils&Fats
Butter,Oils&Fats
Canola Oil,Oils&Fats
Coconut Oil,Oils&Fats
Cod Liver Oil,Oils&Fats
Corn Oil,Oils&Fats
Cottonseed Oil,Oils&Fats
Flaxseed Oil,Oils&Fats
Ghee,Oils&Fats
Goose Fat,Oils&Fats
Grape Seed Oil,Oils&Fats
Hemp Oil,Oils&Fats
Herring Oil,Oils&Fats
I can\’t believe it\’s not Butter,Oils&Fats
Lard,Oils&Fats
Macadamia Oil,Oils&Fats
Margarine,Oils&Fats
Mustard Oil,Oils&Fats
Olive Oil,Oils&Fats
Palm Oil,Oils&Fats
Peanut Oil,Oils&Fats
Real Butter,Oils&Fats
Rice Bran Oil,Oils&Fats
Safflower Oil,Oils&Fats
Sardine Oil,Oils&Fats
Sesame Oil,Oils&Fats
Soybean Oil,Oils&Fats
Sunflower Oil,Oils&Fats
Walnut Oil,Oils&Fats
Almond Oil,VegetableOils
Apricot Kernel Oil,VegetableOils
Argan Oil,VegetableOils
Avocado Oil,VegetableOils
Babassu Oil,VegetableOils
Canola Oil,VegetableOils
Coconut Oil,VegetableOils
Corn Oil,VegetableOils
Cottonseed Oil,VegetableOils
Flaxseed Oil,VegetableOils
Grape Seed Oil,VegetableOils
Hazelnut Oil,VegetableOils
Linseed Oil,VegetableOils
Menhaden Oil,VegetableOils
Mustard Oil,VegetableOils
Oat Oil,VegetableOils
Olive Oil,VegetableOils
Palm Kernel Oil,VegetableOils
Palm Oil,VegetableOils
Peanut Oil,VegetableOils
Poppy Seed Oil,VegetableOils
Pumpkin Seed Oil,VegetableOils
Rice Bran Oil,VegetableOils
Safflower Oil,VegetableOils
Salmon Oil,VegetableOils
Sesame Oil,VegetableOils
Shea Oil,VegetableOils
Soy Oil,VegetableOils
Sunflower Oil,VegetableOils
Tomato Seed Oil,VegetableOils
Vegetable Oil,VegetableOils
Walnut Oil,VegetableOils
Wheat Germ Oil,VegetableOils
Agar-Agar,BakingIngredients
Agave Syrup,BakingIngredients
All Purpose Flour,BakingIngredients
Almond Extract,BakingIngredients
Almonds,BakingIngredients
Apple Pie Filling,BakingIngredients
Baking Powder,BakingIngredients
Baking Soda,BakingIngredients
Bread Flour,BakingIngredients
Brittle,BakingIngredients
Brown Sugar,BakingIngredients
Buttermilk,BakingIngredients
Butterscotch Chips,BakingIngredients
Cake Flour,BakingIngredients
Candied Orange Peel,BakingIngredients
Cane Sugar,BakingIngredients
Chocolate Chips,BakingIngredients
Chocolate Sprinkles,BakingIngredients
Cocoa Powder,BakingIngredients
Coconut Flakes,BakingIngredients
Coconut Milk,BakingIngredients
Corn Flour,BakingIngredients
Corn Syrup,BakingIngredients
Cornmeal,BakingIngredients
Cornstarch,BakingIngredients
Couverture,BakingIngredients
Cream Cheese,BakingIngredients
Cream of Tartar,BakingIngredients
Crystallized Ginger,BakingIngredients
Custard Powder,BakingIngredients
Dark Rum,BakingIngredients
Dextrose,BakingIngredients
Dried Apricots,BakingIngredients
Dried Cranberries,BakingIngredients
Dried Figs,BakingIngredients
Dried Prunes,BakingIngredients
Duck Egg,BakingIngredients
Egg,BakingIngredients
Egg Nog,BakingIngredients
Egg White,BakingIngredients
Egg Yolk,BakingIngredients
Evaporated Milk,BakingIngredients
Flour,BakingIngredients
Fructose,BakingIngredients
Gelatin,BakingIngredients
Glucose,BakingIngredients
Glucose Syrup,BakingIngredients
Granulated Sugar,BakingIngredients
Ground Cinnamon,BakingIngredients
Hazelnuts,BakingIngredients
Heavy Cream,BakingIngredients
Jaggery,BakingIngredients
Lemon Pie Filling,BakingIngredients
Malt Powder,BakingIngredients
Malted Milk,BakingIngredients
Maltitol,BakingIngredients
Maltodextrin,BakingIngredients
Maltose,BakingIngredients
Maple Syrup,BakingIngredients
Molasses,BakingIngredients
Nonpareils,BakingIngredients
Peppermint Extract,BakingIngredients
Poppy Seeds,BakingIngredients
Powdered Milk,BakingIngredients
Powdered Sugar,BakingIngredients
Protein Powder,BakingIngredients
Raisins,BakingIngredients
Rice Milk,BakingIngredients
Rock Sugar,BakingIngredients
Rolled Oats,BakingIngredients
Rum,BakingIngredients
Semolina Flour,BakingIngredients
Sesame Seeds,BakingIngredients
Shredded Coconut,BakingIngredients
Sorbitol,BakingIngredients
Soy Milk,BakingIngredients
Soy Protein Powder,BakingIngredients
Sprinkles,BakingIngredients
Starch,BakingIngredients
Strawberry Preserves,BakingIngredients
Sucrose,BakingIngredients
Sugar,BakingIngredients
Sunflower Seeds,BakingIngredients
Sweetened Condensed Milk,BakingIngredients
Sweetener,BakingIngredients
Unsalted Butter,BakingIngredients
Vanilla Extract,BakingIngredients
Vanilla Sugar,BakingIngredients
Vegetable Oil,BakingIngredients
Vegetable Shortening,BakingIngredients
Walnuts,BakingIngredients
Whole Milk,BakingIngredients
Whole Wheat Flour,BakingIngredients
Xylitol,BakingIngredients
Yeast (dry),BakingIngredients
Anchovy,Fish&Seafood
Bluefish,Fish&Seafood
Bream,Fish&Seafood
Butterfish,Fish&Seafood
Calamari,Fish&Seafood
Carp,Fish&Seafood
Caviar,Fish&Seafood
Clam,Fish&Seafood
Cod,Fish&Seafood
Crawfish,Fish&Seafood
Crayfish,Fish&Seafood
Eel,Fish&Seafood
Fish Fingers,Fish&Seafood
Fish Sticks,Fish&Seafood
Flounder,Fish&Seafood
Grouper,Fish&Seafood
Haddock,Fish&Seafood
Hake,Fish&Seafood
Halibut,Fish&Seafood
Herring,Fish&Seafood
Hoki,Fish&Seafood
Kipper,Fish&Seafood
Ling,Fish&Seafood
Lobster,Fish&Seafood
Mackerel,Fish&Seafood
Milkfish,Fish&Seafood
Monkfish,Fish&Seafood
Mullet,Fish&Seafood
Mussel,Fish&Seafood
Octopus,Fish&Seafood
Pickerel,Fish&Seafood
Pickled Herring,Fish&Seafood
Pike,Fish&Seafood
Plaice,Fish&Seafood
Pollack,Fish&Seafood
Red Snapper,Fish&Seafood
Redfish,Fish&Seafood
Rollmops,Fish&Seafood
Salmon,Fish&Seafood
Sardines,Fish&Seafood
Scallops,Fish&Seafood
Scampi,Fish&Seafood
Sea Bass,Fish&Seafood
Shad,Fish&Seafood
Shark,Fish&Seafood
Smelt,Fish&Seafood
Sole,Fish&Seafood
Squid,Fish&Seafood
Sturgeon,Fish&Seafood
Sushi,Fish&Seafood
Swordfish,Fish&Seafood
Triggerfish,Fish&Seafood
Trout,Fish&Seafood
Tuna,Fish&Seafood
Tuna Salad,Fish&Seafood
Turbot,Fish&Seafood
Wahoo,Fish&Seafood
Whitefish,Fish&Seafood
Whiting,Fish&Seafood
Zander,Fish&Seafood
Almond Extract,Herbs&Spices
Anise,Herbs&Spices
Anise Seed,Herbs&Spices
Arrowroot,Herbs&Spices
Arugula,Herbs&Spices
Balsamic Vinegar,Herbs&Spices
Basil,Herbs&Spices
Black Pepper,Herbs&Spices
Black Sesame Seeds,Herbs&Spices
Broth,Herbs&Spices
Capers,Herbs&Spices
Caraway Seeds,Herbs&Spices
Cardamom,Herbs&Spices
Cassava,Herbs&Spices
Cayenne Pepper,Herbs&Spices
Chard,Herbs&Spices
Chicory Greens,Herbs&Spices
Chicory Roots,Herbs&Spices
Chili,Herbs&Spices
Chili Powder,Herbs&Spices
Chives,Herbs&Spices
Cider Vinegar,Herbs&Spices
Cilantro,Herbs&Spices
Cinnamon,Herbs&Spices
Cloves,Herbs&Spices
Coriander,Herbs&Spices
Cream of Tartar,Herbs&Spices
Cress,Herbs&Spices
Crystallized Ginger,Herbs&Spices
Cumin,Herbs&Spices
Cumin Seed,Herbs&Spices
Curry,Herbs&Spices
Dandelion,Herbs&Spices
Dill,Herbs&Spices
Dill Weed,Herbs&Spices
Fennel,Herbs&Spices
Fennel Seed,Herbs&Spices
Fenugreek,Herbs&Spices
Garlic,Herbs&Spices
Garlic Powder,Herbs&Spices
Garlic Salt,Herbs&Spices
Ginger,Herbs&Spices
Grape Leaves,Herbs&Spices
Ground Ginger,Herbs&Spices
Horseradish,Herbs&Spices
Hot Pepper,Herbs&Spices
Iodized Salt,Herbs&Spices
Jalapeno,Herbs&Spices
Juniper,Herbs&Spices
Lemon Grass,Herbs&Spices
Licorice,Herbs&Spices
Maggi,Herbs&Spices
Marjoram,Herbs&Spices
Minced Onion,Herbs&Spices
Mint,Herbs&Spices
Mustard Seed,Herbs&Spices
Nutmeg,Herbs&Spices
Okra,Herbs&Spices
Onion,Herbs&Spices
Onion Powder,Herbs&Spices
Orange Peel,Herbs&Spices
Oregano,Herbs&Spices
Paprika,Herbs&Spices
Parsley,Herbs&Spices
Parsnip,Herbs&Spices
Pepper,Herbs&Spices
Poppy Seed,Herbs&Spices
Poultry Seasoning,Herbs&Spices
Pumpkin Pie Spice,Herbs&Spices
Red Pepper,Herbs&Spices
Red Wine Vinegar,Herbs&Spices
Rosemary,Herbs&Spices
Saffron,Herbs&Spices
Sage,Herbs&Spices
Salt,Herbs&Spices
Savory,Herbs&Spices
Sea Salt,Herbs&Spices
Serrano Pepper,Herbs&Spices
Sesame Seeds,Herbs&Spices
Stevia,Herbs&Spices
Tamarind,Herbs&Spices
Taro,Herbs&Spices
Tarragon,Herbs&Spices
Thyme,Herbs&Spices
Turmeric,Herbs&Spices
Vanilla Bean,Herbs&Spices
Vanilla Extract,Herbs&Spices
Vinegar,Herbs&Spices
White Pepper,Herbs&Spices
Yam,Herbs&Spices
Apple Pie,"Pastries,Breads&Rolls"
Apple Turnover,"Pastries,Breads&Rolls"
Bagel,"Pastries,Breads&Rolls"
Baguette,"Pastries,Breads&Rolls"
Banana Bread,"Pastries,Breads&Rolls"
Banana Nut Bread,"Pastries,Breads&Rolls"
Beer Bread,"Pastries,Breads&Rolls"
Biscuit,"Pastries,Breads&Rolls"
Black Bread,"Pastries,Breads&Rolls"
Bran Muffins,"Pastries,Breads&Rolls"
Bread Pudding,"Pastries,Breads&Rolls"
Breadsticks,"Pastries,Breads&Rolls"
Brioche,"Pastries,Breads&Rolls"
Brown Bread,"Pastries,Breads&Rolls"
Brownies,"Pastries,Breads&Rolls"
Bun,"Pastries,Breads&Rolls"
Cannoli,"Pastries,Breads&Rolls"
Caramel Cake,"Pastries,Breads&Rolls"
Challah,"Pastries,Breads&Rolls"
Chapati,"Pastries,Breads&Rolls"
Ciabatta,"Pastries,Breads&Rolls"
Cinnamon Bun,"Pastries,Breads&Rolls"
Coffee Cake,"Pastries,Breads&Rolls"
Conchas/Mexican Sweet Bread,"Pastries,Breads&Rolls"
Cornbread,"Pastries,Breads&Rolls"
Crepes,"Pastries,Breads&Rolls"
Croissant,"Pastries,Breads&Rolls"
Crumpet,"Pastries,Breads&Rolls"
Cupcakes,"Pastries,Breads&Rolls"
Donut/Doughnut,"Pastries,Breads&Rolls"
Dosa,"Pastries,Breads&Rolls"
Empanada,"Pastries,Breads&Rolls"
English Muffin,"Pastries,Breads&Rolls"
Flatbread,"Pastries,Breads&Rolls"
Focaccia,"Pastries,Breads&Rolls"
Garlic Bread,"Pastries,Breads&Rolls"
Hot Dog Buns,"Pastries,Breads&Rolls"
Italian Bread,"Pastries,Breads&Rolls"
Latkes,"Pastries,Breads&Rolls"
Matzo Bread,"Pastries,Breads&Rolls"
Monkey Bread,"Pastries,Breads&Rolls"
Muffin,"Pastries,Breads&Rolls"
Multi-Grain Bread,"Pastries,Breads&Rolls"
Naan,"Pastries,Breads&Rolls"
Oatmeal Cookies,"Pastries,Breads&Rolls"
Oatmeal Raisin Cookies,"Pastries,Breads&Rolls"
Pan de Sal,"Pastries,Breads&Rolls"
Pancake,"Pastries,Breads&Rolls"
Pandesal,"Pastries,Breads&Rolls"
Panettone,"Pastries,Breads&Rolls"
Pide,"Pastries,Breads&Rolls"
Pie,"Pastries,Breads&Rolls"
Pita Bread,"Pastries,Breads&Rolls"
Potato Bread,"Pastries,Breads&Rolls"
Pretzel,"Pastries,Breads&Rolls"
Pretzel Roll,"Pastries,Breads&Rolls"
Puff Pastry,"Pastries,Breads&Rolls"
Pumpernickel,"Pastries,Breads&Rolls"
Raisin Bread,"Pastries,Breads&Rolls"
Roll,"Pastries,Breads&Rolls"
Roti,"Pastries,Breads&Rolls"
Rye Bread,"Pastries,Breads&Rolls"
Sandwich,"Pastries,Breads&Rolls"
Sandwich Bread,"Pastries,Breads&Rolls"
Scone,"Pastries,Breads&Rolls"
Shortcrust Pastry,"Pastries,Breads&Rolls"
Soda Bread,"Pastries,Breads&Rolls"
Soufflé,"Pastries,Breads&Rolls"
Sourdough Bread,"Pastries,Breads&Rolls"
Spanakopita,"Pastries,Breads&Rolls"
Spice Cake,"Pastries,Breads&Rolls"
Sweet Rolls,"Pastries,Breads&Rolls"
Swiss Roll,"Pastries,Breads&Rolls"
Toast,"Pastries,Breads&Rolls"
Tortilla,"Pastries,Breads&Rolls"
Tortilla Bread,"Pastries,Breads&Rolls"
White Bread,"Pastries,Breads&Rolls"
Whole Wheat Bread,"Pastries,Breads&Rolls"
1000 Island Dressing,Sauces&Dressings
Ajvar,Sauces&Dressings
Arrabiata Sauce,Sauces&Dressings
Balsamic Vinaigrette Dressing,Sauces&Dressings
Barbecue Sauce,Sauces&Dressings
Bechamel Sauce,Sauces&Dressings
Bernaise Sauce,Sauces&Dressings
Blue Cheese Dressing,Sauces&Dressings
Bolognese,Sauces&Dressings
Buttermilk Ranch Dressing,Sauces&Dressings
Caesar Dressing,Sauces&Dressings
Catalina Dressing,Sauces&Dressings
Chasseur Sauce,Sauces&Dressings
Chili Sauce,Sauces&Dressings
Cream Sauce,Sauces&Dressings
Curry Ketchup,Sauces&Dressings
Curry Sauce,Sauces&Dressings
French Dressing,Sauces&Dressings
Gravy,Sauces&Dressings
Greek Dressing,Sauces&Dressings
Hamburger Sauce,Sauces&Dressings
Harissa,Sauces&Dressings
Hollandaise Sauce,Sauces&Dressings
Honey Mustard Dressing,Sauces&Dressings
Horseradish,Sauces&Dressings
Italian Dressing,Sauces&Dressings
Ketchup,Sauces&Dressings
Mayonnaise,Sauces&Dressings
Mustard,Sauces&Dressings
Mustard Sauce,Sauces&Dressings
Orange Sauce,Sauces&Dressings
Pesto,Sauces&Dressings
Ranch Dressing,Sauces&Dressings
Remoulade Sauce,Sauces&Dressings
Russian Dressing,Sauces&Dressings
Salad Dressing,Sauces&Dressings
Sambal Oelek,Sauces&Dressings
Sesame Ginger Dressing,Sauces&Dressings
Sesame Paste,Sauces&Dressings
Sour Cream,Sauces&Dressings
Sour Cream Sauce,Sauces&Dressings
Soy Sauce,Sauces&Dressings
Sweet and Sour Sauce,Sauces&Dressings
Tabasco,Sauces&Dressings
Teriyaki Sauce,Sauces&Dressings
Thai Curry Paste,Sauces&Dressings
Tomato Paste,Sauces&Dressings
Tomato Puree,Sauces&Dressings
Tomato Sauce,Sauces&Dressings
Tzatziki,Sauces&Dressings
Vinaigrette,Sauces&Dressings
Worcestershire Sauce,Sauces&Dressings
Yogurt Dressing,Sauces&Dressings
Zesty Italian Dressing,Sauces&Dressings
Almond Butter,Spreads
Apple Butter,Spreads
Applesauce,Spreads
Apricot Jam,Spreads
Blackberry Jam,Spreads
Blackcurrant Jam,Spreads
Blueberry Jam,Spreads
Cheese Spread,Spreads
Cherry Jam,Spreads
Chocolate Philadelphia,Spreads
Chocolate Spread,Spreads
Cream Cheese,Spreads
Egg,Spreads
Grape Jelly,Spreads
Honey,Spreads
Jelly,Spreads
Jif Peanut Butter,Spreads
Liverwurst,Spreads
Margarine,Spreads
Marmite,Spreads
Marshmallow Fluff,Spreads
Nutella,Spreads
Olive Spread,Spreads
"Pâté (720), Pate",Spreads
Peanut Butter,Spreads
Peter Pan Peanut Butter,Spreads
Philadelphia Cream Cheese,Spreads
Plum Jam,Spreads
Salted Butter,Spreads
Skippy Peanut Butter,Spreads
Smuckers Strawberry Jam,Spreads
Strawberry Jam,Spreads
Strawberry Jelly,Spreads
Sunbutter,Spreads
Sunflower Butter,Spreads
Tapenade,Spreads
Unsalted Butter,Spreads
Vegemite,Spreads
Wild Honey,Spreads
